query,dish_name
balu shahi,balu shahi
meetha balu shahi,balu shahi
balu shahi dessert,balu shahi
maida flour balu shahi,balu shahi
sweet balu shahi,balu shahi
west bengal balu shahi,balu shahi
gram flour boondi,boondi
boondi,boondi
boondi dessert,boondi
sweet boondi,boondi
rajasthan boondi,boondi
meetha boondi,boondi
gajar ka halwa,gajar ka halwa
sweet gajar ka halwa,gajar ka halwa
meetha gajar ka halwa,gajar ka halwa
punjab gajar ka halwa,gajar ka halwa
gajar ka halwa dessert,gajar ka halwa
carrots gajar ka halwa,gajar ka halwa
sweet ghevar,ghevar
flour ghevar,ghevar
ghevar dessert,ghevar
meetha ghevar,ghevar
rajasthan ghevar,ghevar
ghevar,ghevar
milk powder gulab jamun,gulab jamun
gulab jamun,gulab jamun
meetha gulab jamun,gulab jamun
sweet gulab jamun,gulab jamun
gulab jamun dessert,gulab jamun
west bengal gulab jamun,gulab jamun
imarti dessert,imarti
sugar syrup imarti,imarti
meetha imarti,imarti
sweet imarti,imarti
imarti,imarti
west bengal imarti,imarti
sweet jalebi,jalebi
maida jalebi,jalebi
jalebi,jalebi
uttar pradesh jalebi,jalebi
meetha jalebi,jalebi
jalebi dessert,jalebi
sweet kaju katli,kaju katli
kaju katli,kaju katli
cashews kaju katli,kaju katli
kaju katli dessert,kaju katli
meetha kaju katli,kaju katli
kalakand,kalakand
sweet kalakand,kalakand
kalakand dessert,kalakand
milk kalakand,kalakand
west bengal kalakand,kalakand
meetha kalakand,kalakand
milk kheer,kheer
sweet kheer,kheer
meetha kheer,kheer
kheer,kheer
kheer dessert,kheer
meetha laddu,laddu
gram flour laddu,laddu
sweet laddu,laddu
laddu,laddu
laddu dessert,laddu
lassi dessert,lassi
meetha lassi,lassi
punjab lassi,lassi
sweet lassi,lassi
yogurt lassi,lassi
lassi,lassi
nankhatai,nankhatai
refined flour nankhatai,nankhatai
nankhatai dessert,nankhatai
sweet nankhatai,nankhatai
meetha nankhatai,nankhatai
petha dessert,petha
sweet petha,petha
meetha petha,petha
firm white pumpkin petha,petha
petha,petha
uttar pradesh petha,petha
phirni,phirni
odisha phirni,phirni
rice phirni,phirni
meetha phirni,phirni
phirni dessert,phirni
sweet phirni,phirni
uttar pradesh rabri,rabri
meetha rabri,rabri
rabri dessert,rabri
condensed milk rabri,rabri
sweet rabri,rabri
rabri,rabri
maharashtra sheera,sheera
sweet sheera,sheera
sheera dessert,sheera
sheera,sheera
meetha sheera,sheera
semolina sheera,sheera
meetha singori,singori
sweet singori,singori
singori,singori
singori dessert,singori
khoa singori,singori
uttarakhand singori,singori
sohan halwa,sohan halwa
meetha sohan halwa,sohan halwa
uttar pradesh sohan halwa,sohan halwa
sweet sohan halwa,sohan halwa
sohan halwa dessert,sohan halwa
corn flour sohan halwa,sohan halwa
sweet sohan papdi,sohan papdi
sohan papdi,sohan papdi
maharashtra sohan papdi,sohan papdi
meetha sohan papdi,sohan papdi
sohan papdi dessert,sohan papdi
gram flour sohan papdi,sohan papdi
sweet chhena jalebi,chhena jalebi
chhena jalebi,chhena jalebi
meetha chhena jalebi,chhena jalebi
odisha chhena jalebi,chhena jalebi
chhena chhena jalebi,chhena jalebi
chhena jalebi dessert,chhena jalebi
chhena kheeri,chhena kheeri
sweet chhena kheeri,chhena kheeri
chhena kheeri dessert,chhena kheeri
meetha chhena kheeri,chhena kheeri
chhena chhena kheeri,chhena kheeri
odisha chhena kheeri,chhena kheeri
meetha chhena poda,chhena poda
sweet chhena poda,chhena poda
chhena poda dessert,chhena poda
odisha chhena poda,chhena poda
sugar chhena poda,chhena poda
chhena poda,chhena poda
flour cham cham,cham cham
cham cham,cham cham
sweet cham cham,cham cham
cham cham dessert,cham cham
meetha cham cham,cham cham
west bengal cham cham,cham cham
chenna kheer sagar,kheer sagar
meetha kheer sagar,kheer sagar
kheer sagar,kheer sagar
kheer sagar dessert,kheer sagar
odisha kheer sagar,kheer sagar
sweet kheer sagar,kheer sagar
meetha ledikeni,ledikeni
sweet ledikeni,ledikeni
ledikeni dessert,ledikeni
ledikeni,ledikeni
west bengal ledikeni,ledikeni
chhena ledikeni,ledikeni
flour lyangcha,lyangcha
lyangcha dessert,lyangcha
assam lyangcha,lyangcha
sweet lyangcha,lyangcha
lyangcha,lyangcha
meetha lyangcha,lyangcha
bihar malapua,malapua
sweet malapua,malapua
meetha malapua,malapua
malapua,malapua
yoghurt malapua,malapua
malapua dessert,malapua
meetha mihidana,mihidana
sweet mihidana,mihidana
west bengal mihidana,mihidana
mihidana,mihidana
mihidana dessert,mihidana
besan flour mihidana,mihidana
meetha misti doi,misti doi
milk misti doi,misti doi
misti doi dessert,misti doi
sweet misti doi,misti doi
misti doi,misti doi
west bengal misti doi,misti doi
west bengal pantua,pantua
pantua,pantua
chhena pantua,pantua
meetha pantua,pantua
sweet pantua,pantua
pantua dessert,pantua
rice flour pithe,pithe
assam pithe,pithe
pithe,pithe
pithe dessert,pithe
meetha pithe,pithe
sweet pithe,pithe
meetha rasabali,rasabali
rasabali dessert,rasabali
chenna rasabali,rasabali
odisha rasabali,rasabali
sweet rasabali,rasabali
rasabali,rasabali
ras malai,ras malai
chhena ras malai,ras malai
meetha ras malai,ras malai
ras malai dessert,ras malai
sweet ras malai,ras malai
west bengal ras malai,ras malai
sweet rasgulla,rasgulla
rasgulla,rasgulla
rasgulla dessert,rasgulla
meetha rasgulla,rasgulla
west bengal rasgulla,rasgulla
chhena rasgulla,rasgulla
meetha sandesh,sandesh
sandesh,sandesh
sandesh dessert,sandesh
milk sandesh,sandesh
sweet sandesh,sandesh
west bengal sandesh,sandesh
meetha adhirasam,adhirasam
adhirasam,adhirasam
west bengal adhirasam,adhirasam
sweet adhirasam,adhirasam
adhirasam dessert,adhirasam
rice flour adhirasam,adhirasam
meetha ariselu,ariselu
andhra pradesh ariselu,ariselu
ariselu,ariselu
rice flour ariselu,ariselu
sweet ariselu,ariselu
ariselu dessert,ariselu
andhra pradesh bandar laddu,bandar laddu
meetha bandar laddu,bandar laddu
bandar laddu,bandar laddu
besan bandar laddu,bandar laddu
bandar laddu dessert,bandar laddu
sweet bandar laddu,bandar laddu
chikki,chikki
meetha chikki,chikki
chikki dessert,chikki
sweet chikki,chikki
peanuts chikki,chikki
maharashtra chikki,chikki
dharwad pedha,dharwad pedha
milk dharwad pedha,dharwad pedha
sweet dharwad pedha,dharwad pedha
meetha dharwad pedha,dharwad pedha
karnataka dharwad pedha,dharwad pedha
dharwad pedha dessert,dharwad pedha
double ka meetha,double ka meetha
double ka meetha dessert,double ka meetha
sweet double ka meetha,double ka meetha
loaf bread double ka meetha,double ka meetha
meetha double ka meetha,double ka meetha
telangana double ka meetha,double ka meetha
sweet gavvalu,gavvalu
andhra pradesh gavvalu,gavvalu
gavvalu dessert,gavvalu
gavvalu,gavvalu
rice flour gavvalu,gavvalu
meetha gavvalu,gavvalu
kakinada khaja dessert,kakinada khaja
sweet kakinada khaja,kakinada khaja
wheat flour kakinada khaja,kakinada khaja
kakinada khaja,kakinada khaja
andhra pradesh kakinada khaja,kakinada khaja
meetha kakinada khaja,kakinada khaja
sweet kuzhi paniyaram,kuzhi paniyaram
kuzhi paniyaram dessert,kuzhi paniyaram
kuzhi paniyaram,kuzhi paniyaram
kerala kuzhi paniyaram,kuzhi paniyaram
meetha kuzhi paniyaram,kuzhi paniyaram
black lentils kuzhi paniyaram,kuzhi paniyaram
mysore pak,mysore pak
mysore pak dessert,mysore pak
besan flour mysore pak,mysore pak
karnataka mysore pak,mysore pak
meetha mysore pak,mysore pak
sweet mysore pak,mysore pak
obbattu holige,obbattu holige
karnataka obbattu holige,obbattu holige
meetha obbattu holige,obbattu holige
sweet obbattu holige,obbattu holige
obbattu holige main course,obbattu holige
maida flour obbattu holige,obbattu holige
palathalikalu,palathalikalu
sweet palathalikalu,palathalikalu
palathalikalu dessert,palathalikalu
andhra pradesh palathalikalu,palathalikalu
meetha palathalikalu,palathalikalu
rice flour palathalikalu,palathalikalu
poornalu,poornalu
meetha poornalu,poornalu
sweet poornalu,poornalu
poornalu dessert,poornalu
andhra pradesh poornalu,poornalu
chana dal poornalu,poornalu
tamil nadu pongal,pongal
meetha pongal,pongal
pongal,pongal
rice pongal,pongal
sweet pongal,pongal
pongal dessert,pongal
pootharekulu dessert,pootharekulu
sweet pootharekulu,pootharekulu
rice flour pootharekulu,pootharekulu
meetha pootharekulu,pootharekulu
pootharekulu,pootharekulu
andhra pradesh pootharekulu,pootharekulu
apricots qubani ka meetha,qubani ka meetha
sweet qubani ka meetha,qubani ka meetha
qubani ka meetha,qubani ka meetha
telangana qubani ka meetha,qubani ka meetha
qubani ka meetha dessert,qubani ka meetha
meetha qubani ka meetha,qubani ka meetha
sheer korma dessert,sheer korma
telangana sheer korma,sheer korma
sweet sheer korma,sheer korma
vermicelli pudding sheer korma,sheer korma
sheer korma,sheer korma
meetha sheer korma,sheer korma
meetha unni appam,unni appam
unni appam dessert,unni appam
unni appam,unni appam
sweet unni appam,unni appam
tamil nadu unni appam,unni appam
rice flour unni appam,unni appam
andhra pradesh kajjikaya,kajjikaya
meetha kajjikaya,kajjikaya
kajjikaya dessert,kajjikaya
sweet kajjikaya,kajjikaya
kajjikaya,kajjikaya
rice flour kajjikaya,kajjikaya
anarsa,anarsa
meetha anarsa,anarsa
sweet anarsa,anarsa
rice flour anarsa,anarsa
anarsa dessert,anarsa
maharashtra anarsa,anarsa
basundi,basundi
sugar basundi,basundi
gujarat basundi,basundi
sweet basundi,basundi
basundi dessert,basundi
meetha basundi,basundi
dhondas dessert,dhondas
sweet dhondas,dhondas
maharashtra dhondas,dhondas
dhondas,dhondas
meetha dhondas,dhondas
cucumber dhondas,dhondas
doodhpak,doodhpak
gujarat doodhpak,doodhpak
milk doodhpak,doodhpak
sweet doodhpak,doodhpak
meetha doodhpak,doodhpak
doodhpak dessert,doodhpak
mahim halwa,mahim halwa
mahim halwa dessert,mahim halwa
sweet mahim halwa,mahim halwa
maharashtra mahim halwa,mahim halwa
semolina mahim halwa,mahim halwa
meetha mahim halwa,mahim halwa
maharashtra modak,modak
modak dessert,modak
meetha modak,modak
sweet modak,modak
rice flour modak,modak
modak,modak
shankarpali,shankarpali
sugar shankarpali,shankarpali
meetha shankarpali,shankarpali
maharashtra shankarpali,shankarpali
shankarpali dessert,shankarpali
sweet shankarpali,shankarpali
shrikhand dessert,shrikhand
curd shrikhand,shrikhand
maharashtra shrikhand,shrikhand
sweet shrikhand,shrikhand
shrikhand,shrikhand
meetha shrikhand,shrikhand
sutar feni,sutar feni
maida sutar feni,sutar feni
sweet sutar feni,sutar feni
meetha sutar feni,sutar feni
sutar feni dessert,sutar feni
maharashtra sutar feni,sutar feni
teekha maach jhol,maach jhol
assam maach jhol,maach jhol
maach jhol,maach jhol
maach jhol main course,maach jhol
spicy maach jhol,maach jhol
fish maach jhol,maach jhol
tripura pork bharta,pork bharta
pork bharta,pork bharta
pork bharta main course,pork bharta
spicy pork bharta,pork bharta
teekha pork bharta,pork bharta
boiled pork pork bharta,pork bharta
rice chak hao kheer,chak hao kheer
sweet chak hao kheer,chak hao kheer
meetha chak hao kheer,chak hao kheer
chak hao kheer,chak hao kheer
chak hao kheer dessert,chak hao kheer
manipur chak hao kheer,chak hao kheer
galho,galho
nagaland galho,galho
teekha galho,galho
spicy galho,galho
galho main course,galho
rice galho,galho
cauliflower aloo gobi,aloo gobi
spicy aloo gobi,aloo gobi
aloo gobi main course,aloo gobi
aloo gobi,aloo gobi
teekha aloo gobi,aloo gobi
punjab aloo gobi,aloo gobi
teekha aloo tikki,aloo tikki
aloo tikki main course,aloo tikki
spicy aloo tikki,aloo tikki
punjab aloo tikki,aloo tikki
rice flour aloo tikki,aloo tikki
aloo tikki,aloo tikki
aloo matar,aloo matar
spicy aloo matar,aloo matar
teekha aloo matar,aloo matar
aloo matar main course,aloo matar
punjab aloo matar,aloo matar
potato aloo matar,aloo matar
punjab aloo methi,aloo methi
bitter aloo methi,aloo methi
potato aloo methi,aloo methi
aloo methi main course,aloo methi
aloo methi,aloo methi
aloo shimla mirch main course,aloo shimla mirch
teekha aloo shimla mirch,aloo shimla mirch
potato aloo shimla mirch,aloo shimla mirch
punjab aloo shimla mirch,aloo shimla mirch
aloo shimla mirch,aloo shimla mirch
spicy aloo shimla mirch,aloo shimla mirch
chole bhatura,bhatura
bhatura,bhatura
punjab bhatura,bhatura
teekha bhatura,bhatura
bhatura main course,bhatura
spicy bhatura,bhatura
ladies finger bhindi masala,bhindi masala
spicy bhindi masala,bhindi masala
bhindi masala,bhindi masala
teekha bhindi masala,bhindi masala
bhindi masala main course,bhindi masala
punjab bhindi masala,bhindi masala
chicken thighs biryani,biryani
spicy biryani,biryani
biryani,biryani
biryani main course,biryani
teekha biryani,biryani
telangana biryani,biryani
teekha butter chicken,butter chicken
chicken butter chicken,butter chicken
butter chicken,butter chicken
spicy butter chicken,butter chicken
nct of delhi butter chicken,butter chicken
butter chicken main course,butter chicken
teekha chana masala,chana masala
chana masala main course,chana masala
chickpeas chana masala,chana masala
spicy chana masala,chana masala
chana masala,chana masala
punjab chana masala,chana masala
chapati main course,chapati
whole wheat flour chapati,chapati
chapati,chapati
maharashtra chapati,chapati
spicy chicken razala,chicken razala
chicken chicken razala,chicken razala
chicken razala main course,chicken razala
west bengal chicken razala,chicken razala
chicken razala,chicken razala
teekha chicken razala,chicken razala
spicy chicken tikka masala,chicken tikka masala
teekha chicken tikka masala,chicken tikka masala
punjab chicken tikka masala,chicken tikka masala
chicken tikka masala,chicken tikka masala
naan bread chicken tikka masala,chicken tikka masala
chicken tikka masala main course,chicken tikka masala
teekha chicken tikka,chicken tikka
chicken chicken tikka,chicken tikka
punjab chicken tikka,chicken tikka
chicken tikka starter,chicken tikka
chicken tikka,chicken tikka
spicy chicken tikka,chicken tikka
spicy chole bhature,chole bhature
chole chole bhature,chole bhature
punjab chole bhature,chole bhature
teekha chole bhature,chole bhature
chole bhature,chole bhature
chole bhature main course,chole bhature
rajasthan daal baati churma,daal baati churma
spicy daal baati churma,daal baati churma
daal baati churma main course,daal baati churma
daal baati churma,daal baati churma
teekha daal baati churma,daal baati churma
moong dal daal baati churma,daal baati churma
spicy daal puri,daal puri
moong dal daal puri,daal puri
west bengal daal puri,daal puri
daal puri,daal puri
daal puri main course,daal puri
teekha daal puri,daal puri
red kidney beans dal makhani,dal makhani
sweet dal makhani,dal makhani
dal makhani main course,dal makhani
punjab dal makhani,dal makhani
dal makhani,dal makhani
meetha dal makhani,dal makhani
dal tadka main course,dal tadka
punjab dal tadka,dal tadka
spicy dal tadka,dal tadka
pigeon peas dal tadka,dal tadka
teekha dal tadka,dal tadka
dal tadka,dal tadka
dum aloo,dum aloo
spicy dum aloo,dum aloo
baby potatoes dum aloo,dum aloo
teekha dum aloo,dum aloo
jammu kashmir dum aloo,dum aloo
dum aloo main course,dum aloo
poha snack,poha
teekha poha,poha
maharashtra poha,poha
poha,poha
spicy poha,poha
beaten rice flakes poha,poha
chhattisgarh fara,fara
chana dal fara,fara
teekha fara,fara
fara,fara
fara snack,fara
spicy fara,fara
moong dal kachori,kachori
uttar pradesh kachori,kachori
kachori snack,kachori
spicy kachori,kachori
kachori,kachori
teekha kachori,kachori
cottage cheese kadai paneer,kadai paneer
kadai paneer,kadai paneer
kadai paneer main course,kadai paneer
punjab kadai paneer,kadai paneer
teekha kadai paneer,kadai paneer
spicy kadai paneer,kadai paneer
besan kadhi pakoda,kadhi pakoda
kadhi pakoda main course,kadhi pakoda
spicy kadhi pakoda,kadhi pakoda
haryana kadhi pakoda,kadhi pakoda
teekha kadhi pakoda,kadhi pakoda
kadhi pakoda,kadhi pakoda
bitter gourd karela bharta,karela bharta
bitter karela bharta,karela bharta
punjab karela bharta,karela bharta
karela bharta,karela bharta
karela bharta main course,karela bharta
teekha khichdi,khichdi
spicy khichdi,khichdi
khichdi,khichdi
khichdi main course,khichdi
moong dal khichdi,khichdi
kofta main course,kofta
teekha kofta,kofta
uttar pradesh kofta,kofta
kofta,kofta
paneer kofta,kofta
spicy kofta,kofta
kulfi falooda dessert,kulfi falooda
sweet kulfi falooda,kulfi falooda
kulfi falooda,kulfi falooda
meetha kulfi falooda,kulfi falooda
rose syrup kulfi falooda,kulfi falooda
lauki ke kofte,lauki ke kofte
spicy lauki ke kofte,lauki ke kofte
lauki ke kofte main course,lauki ke kofte
bottle gourd lauki ke kofte,lauki ke kofte
uttar pradesh lauki ke kofte,lauki ke kofte
teekha lauki ke kofte,lauki ke kofte
spicy lauki ki subji,lauki ki subji
lauki ki subji main course,lauki ki subji
teekha lauki ki subji,lauki ki subji
lauki ki subji,lauki ki subji
bottle gourd lauki ki subji,lauki ki subji
bihar litti chokha,litti chokha
teekha litti chokha,litti chokha
litti chokha,litti chokha
wheat flour litti chokha,litti chokha
litti chokha main course,litti chokha
spicy litti chokha,litti chokha
makki di roti sarson da saag main course,makki di roti sarson da saag
spicy makki di roti sarson da saag,makki di roti sarson da saag
punjab makki di roti sarson da saag,makki di roti sarson da saag
teekha makki di roti sarson da saag,makki di roti sarson da saag
makki di roti sarson da saag,makki di roti sarson da saag
palak makki di roti sarson da saag,makki di roti sarson da saag
misi roti main course,misi roti
misi roti,misi roti
punjab misi roti,misi roti
teekha misi roti,misi roti
whole wheat flour misi roti,misi roti
spicy misi roti,misi roti
punjab mushroom do pyaza,mushroom do pyaza
teekha mushroom do pyaza,mushroom do pyaza
mushroom do pyaza,mushroom do pyaza
mushroom do pyaza main course,mushroom do pyaza
spicy mushroom do pyaza,mushroom do pyaza
mushroom mushroom do pyaza,mushroom do pyaza
teekha mushroom matar,mushroom matar
mushroom matar main course,mushroom matar
canned coconut milk mushroom matar,mushroom matar
mushroom matar,mushroom matar
punjab mushroom matar,mushroom matar
spicy mushroom matar,mushroom matar
naan main course,naan
punjab naan,naan
naan,naan
whole wheat flour naan,naan
uttar pradesh navrattan korma,navrattan korma
navrattan korma main course,navrattan korma
spicy navrattan korma,navrattan korma
teekha navrattan korma,navrattan korma
navrattan korma,navrattan korma
green beans navrattan korma,navrattan korma
palak paneer,palak paneer
teekha palak paneer,palak paneer
palak paneer main course,palak paneer
spicy palak paneer,palak paneer
punjab palak paneer,palak paneer
cottage cheese palak paneer,palak paneer
paneer butter masala main course,paneer butter masala
teekha paneer butter masala,paneer butter masala
paneer paneer butter masala,paneer butter masala
punjab paneer butter masala,paneer butter masala
paneer butter masala,paneer butter masala
spicy paneer butter masala,paneer butter masala
teekha paneer tikka masala,paneer tikka masala
paneer tikka masala,paneer tikka masala
punjab paneer tikka masala,paneer tikka masala
spicy paneer tikka masala,paneer tikka masala
paneer paneer tikka masala,paneer tikka masala
paneer tikka masala main course,paneer tikka masala
pani puri snack,pani puri
spicy pani puri,pani puri
pani puri,pani puri
teekha pani puri,pani puri
kala chana pani puri,pani puri
panjeeri dessert,panjeeri
panjeeri,panjeeri
whole wheat flour panjeeri,panjeeri
uttar pradesh panjeeri,panjeeri
sweet panjeeri,panjeeri
meetha panjeeri,panjeeri
papad,papad
spicy papad,papad
urad dal papad,papad
teekha papad,papad
papad snack,papad
paratha,paratha
punjab paratha,paratha
paratha main course,paratha
wheat flour paratha,paratha
spicy paratha,paratha
teekha paratha,paratha
pattor main course,pattor
spicy pattor,pattor
rajasthan pattor,pattor
teekha pattor,pattor
pattor,pattor
arbi ke patte pattor,pattor
teekha pindi chana,pindi chana
punjab pindi chana,pindi chana
pindi chana main course,pindi chana
spicy pindi chana,pindi chana
fennel pindi chana,pindi chana
pindi chana,pindi chana
red kidney beans rajma chaval,rajma chaval
spicy rajma chaval,rajma chaval
rajma chaval,rajma chaval
teekha rajma chaval,rajma chaval
rajma chaval main course,rajma chaval
rongi main course,rongi
rongi,rongi
garam masala powder rongi,rongi
punjab rongi,rongi
samosa,samosa
spicy samosa,samosa
samosa snack,samosa
potatoes samosa,samosa
teekha samosa,samosa
sattu sattu ki roti,sattu ki roti
teekha sattu ki roti,sattu ki roti
spicy sattu ki roti,sattu ki roti
sattu ki roti,sattu ki roti
sattu ki roti main course,sattu ki roti
bihar sattu ki roti,sattu ki roti
shahi paneer,shahi paneer
punjab shahi paneer,shahi paneer
cottage cheese shahi paneer,shahi paneer
teekha shahi paneer,shahi paneer
spicy shahi paneer,shahi paneer
shahi paneer main course,shahi paneer
sweet shahi tukra,shahi tukra
telangana shahi tukra,shahi tukra
shahi tukra dessert,shahi tukra
shahi tukra,shahi tukra
rose water shahi tukra,shahi tukra
meetha shahi tukra,shahi tukra
vegetable jalfrezi,vegetable jalfrezi
teekha vegetable jalfrezi,vegetable jalfrezi
vegetable jalfrezi main course,vegetable jalfrezi
punjab vegetable jalfrezi,vegetable jalfrezi
baby corn vegetable jalfrezi,vegetable jalfrezi
spicy vegetable jalfrezi,vegetable jalfrezi
spicy tandoori chicken,tandoori chicken
greek yogurt tandoori chicken,tandoori chicken
tandoori chicken main course,tandoori chicken
tandoori chicken,tandoori chicken
punjab tandoori chicken,tandoori chicken
teekha tandoori chicken,tandoori chicken
teekha tandoori fish tikka,tandoori fish tikka
chickpea flour tandoori fish tikka,tandoori fish tikka
tandoori fish tikka starter,tandoori fish tikka
spicy tandoori fish tikka,tandoori fish tikka
tandoori fish tikka,tandoori fish tikka
punjab tandoori fish tikka,tandoori fish tikka
whole wheat flour attu,attu
spicy attu,attu
andhra pradesh attu,attu
attu,attu
teekha attu,attu
attu snack,attu
avial,avial
teekha avial,avial
avial main course,avial
spicy avial,avial
kerala avial,avial
raw banana avial,avial
karnataka bisi bele bath,bisi bele bath
spicy bisi bele bath,bisi bele bath
teekha bisi bele bath,bisi bele bath
bisi bele bath main course,bisi bele bath
bisi bele bath,bisi bele bath
split pigeon peas bisi bele bath,bisi bele bath
teekha currivepillai sadam,currivepillai sadam
spicy currivepillai sadam,currivepillai sadam
chana dal currivepillai sadam,currivepillai sadam
currivepillai sadam,currivepillai sadam
currivepillai sadam main course,currivepillai sadam
tamil nadu currivepillai sadam,currivepillai sadam
chana dal dosa,dosa
teekha dosa,dosa
spicy dosa,dosa
dosa,dosa
dosa snack,dosa
idiappam snack,idiappam
idiappam,idiappam
tamil nadu idiappam,idiappam
teekha idiappam,idiappam
spicy idiappam,idiappam
rice flour idiappam,idiappam
idli,idli
split urad dal idli,idli
teekha idli,idli
spicy idli,idli
idli snack,idli
kanji snack,kanji
carrot kanji,kanji
kanji,kanji
kerala kanji,kanji
kaara kozhambu,kaara kozhambu
teekha kaara kozhambu,kaara kozhambu
sesame oil kaara kozhambu,kaara kozhambu
spicy kaara kozhambu,kaara kozhambu
tamil nadu kaara kozhambu,kaara kozhambu
kaara kozhambu main course,kaara kozhambu
keerai kootu,keerai kootu
keerai kootu main course,keerai kootu
teekha keerai kootu,keerai kootu
tamil nadu keerai kootu,keerai kootu
spicy keerai kootu,keerai kootu
moong dal keerai kootu,keerai kootu
teekha keerai masiyal,keerai masiyal
spicy keerai masiyal,keerai masiyal
urad dal keerai masiyal,keerai masiyal
tamil nadu keerai masiyal,keerai masiyal
keerai masiyal,keerai masiyal
keerai masiyal main course,keerai masiyal
tamil nadu keerai sadam,keerai sadam
keerai sadam,keerai sadam
spicy keerai sadam,keerai sadam
greens keerai sadam,keerai sadam
teekha keerai sadam,keerai sadam
keerai sadam main course,keerai sadam
amaranth leaves keerai poriyal,keerai poriyal
tamil nadu keerai poriyal,keerai poriyal
keerai poriyal main course,keerai poriyal
spicy keerai poriyal,keerai poriyal
teekha keerai poriyal,keerai poriyal
keerai poriyal,keerai poriyal
teekha beef fry,beef fry
beef fry main course,beef fry
beef beef fry,beef fry
beef fry,beef fry
kerala beef fry,beef fry
spicy beef fry,beef fry
kootu,kootu
spicy kootu,kootu
kootu main course,kootu
chana dal kootu,kootu
tamil nadu kootu,kootu
teekha kootu,kootu
spicy kos kootu,kos kootu
kos kootu main course,kos kootu
moong dal kos kootu,kos kootu
kos kootu,kos kootu
teekha kos kootu,kos kootu
tamil nadu kos kootu,kos kootu
spicy koshambri,koshambri
koshambri,koshambri
karnataka koshambri,koshambri
koshambri main course,koshambri
moong dal koshambri,koshambri
teekha koshambri,koshambri
kothamali sadam main course,kothamali sadam
kothamali sadam,kothamali sadam
chana dal kothamali sadam,kothamali sadam
spicy kothamali sadam,kothamali sadam
tamil nadu kothamali sadam,kothamali sadam
teekha kothamali sadam,kothamali sadam
teekha kuzhakkattai,kuzhakkattai
tamil nadu kuzhakkattai,kuzhakkattai
kuzhakkattai,kuzhakkattai
spicy kuzhakkattai,kuzhakkattai
sesame oil kuzhakkattai,kuzhakkattai
kuzhakkattai main course,kuzhakkattai
kuzhambu,kuzhambu
tamil nadu kuzhambu,kuzhambu
pearl onions kuzhambu,kuzhambu
kuzhambu main course,kuzhambu
spicy kuzhambu,kuzhambu
teekha kuzhambu,kuzhambu
masala dosa,masala dosa
spicy masala dosa,masala dosa
chana dal masala dosa,masala dosa
masala dosa snack,masala dosa
teekha masala dosa,masala dosa
coconut oil pachadi,pachadi
pachadi main course,pachadi
pachadi,pachadi
yogurt paniyaram,paniyaram
paniyaram,paniyaram
paniyaram main course,paniyaram
tamil nadu paniyaram,paniyaram
spicy papadum,papadum
papadum,papadum
papadum snack,papadum
teekha papadum,papadum
lentils papadum,papadum
kerala papadum,papadum
spicy paravannam,paravannam
paravannam,paravannam
kerala paravannam,paravannam
raw rice paravannam,paravannam
paravannam main course,paravannam
teekha paravannam,paravannam
sweet payasam,payasam
payasam,payasam
rice payasam,payasam
meetha payasam,payasam
payasam dessert,payasam
arhar dal paruppu sadam,paruppu sadam
paruppu sadam,paruppu sadam
paruppu sadam main course,paruppu sadam
tamil nadu paruppu sadam,paruppu sadam
andhra pradesh pesarattu,pesarattu
pesarattu snack,pesarattu
spicy pesarattu,pesarattu
teekha pesarattu,pesarattu
green moong beans pesarattu,pesarattu
pesarattu,pesarattu
tamil nadu poriyal,poriyal
teekha poriyal,poriyal
poriyal,poriyal
chana dal poriyal,poriyal
poriyal main course,poriyal
spicy poriyal,poriyal
tamil nadu puli sadam,puli sadam
urad dal puli sadam,puli sadam
puli sadam main course,puli sadam
puli sadam,puli sadam
tomato rasam,rasam
spicy rasam,rasam
rasam,rasam
rasam main course,rasam
teekha rasam,rasam
puttu main course,puttu
brown rice flour puttu,puttu
kerala puttu,puttu
puttu,puttu
sambar main course,sambar
spicy sambar,sambar
sambar,sambar
pigeon peas sambar,sambar
teekha sambar,sambar
sandige,sandige
sandige main course,sandige
karnataka sandige,sandige
thin rice flakes sandige,sandige
sevai sevai,sevai
sevai main course,sevai
sevai,sevai
tamil nadu thayir sadam,thayir sadam
thayir sadam,thayir sadam
urad dal thayir sadam,thayir sadam
thayir sadam main course,thayir sadam
coconut theeyal,theeyal
theeyal main course,theeyal
theeyal,theeyal
kerala theeyal,theeyal
chana dal uttapam,uttapam
teekha uttapam,uttapam
uttapam snack,uttapam
uttapam,uttapam
spicy uttapam,uttapam
teekha vada,vada
spicy vada,vada
vada,vada
urad dal vada,vada
vada snack,vada
chicken varuval main course,chicken varuval
spicy chicken varuval,chicken varuval
meat curry powder chicken varuval,chicken varuval
chicken varuval,chicken varuval
teekha chicken varuval,chicken varuval
tamil nadu chicken varuval,chicken varuval
teekha upma,upma
upma,upma
chana dal upma,upma
spicy upma,upma
upma snack,upma
maharashtra amti,amti
kala masala amti,amti
amti,amti
spicy amti,amti
teekha amti,amti
amti main course,amti
zunka main course,zunka
gram flour zunka,zunka
spicy zunka,zunka
teekha zunka,zunka
zunka,zunka
maharashtra zunka,zunka
kolim jawla,kolim jawla
kolim jawla main course,kolim jawla
spicy kolim jawla,kolim jawla
maharashtra kolim jawla,kolim jawla
teekha kolim jawla,kolim jawla
baingan kolim jawla,kolim jawla
saath,saath
saath main course,saath
spicy saath,saath
urad dal saath,saath
gujarat saath,saath
teekha saath,saath
teekha bajri no rotlo,bajri no rotlo
gujarat bajri no rotlo,bajri no rotlo
spicy bajri no rotlo,bajri no rotlo
bajri no rotlo main course,bajri no rotlo
bajri no rotlo,bajri no rotlo
wheat flour bajri no rotlo,bajri no rotlo
maharashtra coconut vadi,coconut vadi
coconut vadi dessert,coconut vadi
meetha coconut vadi,coconut vadi
coconut vadi,coconut vadi
sweet coconut vadi,coconut vadi
condensed milk coconut vadi,coconut vadi
bhakri main course,bhakri
jowar flour bhakri,bhakri
bhakri,bhakri
maharashtra bhakri,bhakri
bombil fry main course,bombil fry
teekha bombil fry,bombil fry
bombil fry,bombil fry
bombay duck bombil fry,bombil fry
spicy bombil fry,bombil fry
maharashtra bombil fry,bombil fry
chakali,chakali
chakali snack,chakali
teekha chakali,chakali
maharashtra chakali,chakali
rice flour chakali,chakali
spicy chakali,chakali
chevdo snack,chevdo
teekha chevdo,chevdo
citric acid chevdo,chevdo
spicy chevdo,chevdo
gujarat chevdo,chevdo
chevdo,chevdo
chorafali snack,chorafali
urad dal chorafali,chorafali
spicy chorafali,chorafali
chorafali,chorafali
teekha chorafali,chorafali
gujarat chorafali,chorafali
copra paak main course,copra paak
gujarat copra paak,copra paak
copra paak,copra paak
condensed milk copra paak,copra paak
whole wheat flour daal dhokli,daal dhokli
spicy daal dhokli,daal dhokli
teekha daal dhokli,daal dhokli
daal dhokli main course,daal dhokli
gujarat daal dhokli,daal dhokli
daal dhokli,daal dhokli
kutchi dabeli,kutchi dabeli
spicy kutchi dabeli,kutchi dabeli
pav kutchi dabeli,kutchi dabeli
teekha kutchi dabeli,kutchi dabeli
gujarat kutchi dabeli,kutchi dabeli
kutchi dabeli snack,kutchi dabeli
dahi vada,dahi vada
urad dal dahi vada,dahi vada
dahi vada snack,dahi vada
maharashtra dahi vada,dahi vada
dalithoy main course,dalithoy
dalithoy,dalithoy
arhar dal dalithoy,dalithoy
maharashtra dalithoy,dalithoy
teekha dhokla,dhokla
rava dhokla,dhokla
spicy dhokla,dhokla
gujarat dhokla,dhokla
dhokla snack,dhokla
dhokla,dhokla
dudhi halwa dessert,dudhi halwa
gujarat dudhi halwa,dudhi halwa
dudhi halwa,dudhi halwa
bottle gourd dudhi halwa,dudhi halwa
meetha dudhi halwa,dudhi halwa
sweet dudhi halwa,dudhi halwa
spicy gatta curry,gatta curry
rajasthan gatta curry,gatta curry
teekha gatta curry,gatta curry
yogurt gatta curry,gatta curry
gatta curry main course,gatta curry
gatta curry,gatta curry
meetha gud papdi,gud papdi
gud papdi,gud papdi
wheat flour gud papdi,gud papdi
gud papdi dessert,gud papdi
gujarat gud papdi,gud papdi
sweet gud papdi,gud papdi
ghooghra snack,ghooghra
spicy ghooghra,ghooghra
ghooghra,ghooghra
teekha ghooghra,ghooghra
gujarat ghooghra,ghooghra
dry fruits ghooghra,ghooghra
gujarat handwo,handwo
handwo snack,handwo
spicy handwo,handwo
teekha handwo,handwo
bottle gourd handwo,handwo
handwo,handwo
meetha halvasan,halvasan
halvasan dessert,halvasan
whole wheat rava halvasan,halvasan
sweet halvasan,halvasan
gujarat halvasan,halvasan
halvasan,halvasan
jeera aloo,jeera aloo
green chilies jeera aloo,jeera aloo
gujarat jeera aloo,jeera aloo
teekha jeera aloo,jeera aloo
spicy jeera aloo,jeera aloo
jeera aloo main course,jeera aloo
wheat flour kansar,kansar
kansar main course,kansar
gujarat kansar,kansar
kansar,kansar
keri no ras,keri no ras
gujarat keri no ras,keri no ras
keri no ras main course,keri no ras
sour keri no ras,keri no ras
mango keri no ras,keri no ras
khakhra snack,khakhra
whole wheat flour khakhra,khakhra
spicy khakhra,khakhra
gujarat khakhra,khakhra
teekha khakhra,khakhra
khakhra,khakhra
green chili paste khandvi,khandvi
khandvi,khandvi
gujarat khandvi,khandvi
teekha khandvi,khandvi
spicy khandvi,khandvi
khandvi snack,khandvi
kombdi vade snack,kombdi vade
maharashtra kombdi vade,kombdi vade
kombdi vade,kombdi vade
rice flour kombdi vade,kombdi vade
spicy kombdi vade,kombdi vade
teekha kombdi vade,kombdi vade
teekha laapsi,laapsi
laapsi,laapsi
spicy laapsi,laapsi
cinnamon laapsi,laapsi
laapsi main course,laapsi
madhya pradesh laapsi,laapsi
cucumber koshimbir,koshimbir
koshimbir main course,koshimbir
teekha koshimbir,koshimbir
koshimbir,koshimbir
maharashtra koshimbir,koshimbir
spicy koshimbir,koshimbir
methi na gota main course,methi na gota
rava methi na gota,methi na gota
bitter methi na gota,methi na gota
methi na gota,methi na gota
gujarat methi na gota,methi na gota
meetha mohanthal,mohanthal
sweet mohanthal,mohanthal
mohanthal dessert,mohanthal
gujarat mohanthal,mohanthal
mohanthal,mohanthal
rose water mohanthal,mohanthal
gujarat muthiya,muthiya
muthiya,muthiya
muthiya snack,muthiya
bottle gourd muthiya,muthiya
bitter muthiya,muthiya
spicy patra,patra
patra snack,patra
patra,patra
arbi ke patte patra,patra
teekha patra,patra
gujarat patra,patra
pav bhaji,pav bhaji
spicy pav bhaji,pav bhaji
pav bhaji masala pav bhaji,pav bhaji
pav bhaji main course,pav bhaji
maharashtra pav bhaji,pav bhaji
teekha pav bhaji,pav bhaji
puri bhaji,puri bhaji
spicy puri bhaji,puri bhaji
maharashtra puri bhaji,puri bhaji
aloo puri bhaji,puri bhaji
puri bhaji main course,puri bhaji
teekha puri bhaji,puri bhaji
teekha sabudana khichadi,sabudana khichadi
sabudana khichadi,sabudana khichadi
maharashtra sabudana khichadi,sabudana khichadi
sabudana khichadi snack,sabudana khichadi
raw peanuts sabudana khichadi,sabudana khichadi
spicy sabudana khichadi,sabudana khichadi
gujarat sev khamani,sev khamani
khaman sev khamani,sev khamani
sev khamani,sev khamani
spicy sev khamani,sev khamani
teekha sev khamani,sev khamani
sev khamani main course,sev khamani
spicy sev tameta,sev tameta
sev sev tameta,sev tameta
sev tameta,sev tameta
teekha sev tameta,sev tameta
gujarat sev tameta,sev tameta
sev tameta main course,sev tameta
gujarat namakpara,namakpara
namakpara snack,namakpara
teekha namakpara,namakpara
wheat flour namakpara,namakpara
namakpara,namakpara
spicy namakpara,namakpara
sukhdi,sukhdi
whole wheat flour sukhdi,sukhdi
sweet sukhdi,sukhdi
meetha sukhdi,sukhdi
sukhdi dessert,sukhdi
maharashtra sukhdi,sukhdi
spicy surnoli,surnoli
surnoli,surnoli
surnoli snack,surnoli
teekha surnoli,surnoli
rice flakes surnoli,surnoli
maharashtra surnoli,surnoli
whole wheat flour thalipeeth,thalipeeth
thalipeeth,thalipeeth
maharashtra thalipeeth,thalipeeth
teekha thalipeeth,thalipeeth
thalipeeth main course,thalipeeth
spicy thalipeeth,thalipeeth
undhiyu,undhiyu
gujarat undhiyu,undhiyu
sweet potato undhiyu,undhiyu
undhiyu main course,undhiyu
teekha undhiyu,undhiyu
spicy undhiyu,undhiyu
spicy veg kolhapuri,veg kolhapuri
maharashtra veg kolhapuri,veg kolhapuri
teekha veg kolhapuri,veg kolhapuri
veg kolhapuri main course,veg kolhapuri
veg kolhapuri,veg kolhapuri
gobi veg kolhapuri,veg kolhapuri
goa vindaloo,vindaloo
vindaloo main course,vindaloo
teekha vindaloo,vindaloo
vindaloo,vindaloo
spicy vindaloo,vindaloo
chicken vindaloo,vindaloo
spicy lilva kachori,lilva kachori
lilva kachori snack,lilva kachori
lilva kachori,lilva kachori
teekha lilva kachori,lilva kachori
green garlic chutney lilva kachori,lilva kachori
gujarat lilva kachori,lilva kachori
spicy mag dhokli,mag dhokli
teekha mag dhokli,mag dhokli
mag dhokli,mag dhokli
mag dhokli snack,mag dhokli
gujarat mag dhokli,mag dhokli
moong beans mag dhokli,mag dhokli
khichu snack,khichu
khichu,khichu
rice flour khichu,khichu
teekha khichu,khichu
gujarat khichu,khichu
spicy khichu,khichu
thepla snack,thepla
chickpea flour thepla,thepla
gujarat thepla,thepla
spicy thepla,thepla
teekha thepla,thepla
thepla,thepla
semolina farsi puri,farsi puri
farsi puri snack,farsi puri
farsi puri,farsi puri
gujarat farsi puri,farsi puri
khaman snack,khaman
khaman,khaman
teekha khaman,khaman
yogurt khaman,khaman
spicy khaman,khaman
gujarat khaman,khaman
gujarat turiya patra vatana sabji,turiya patra vatana sabji
ridge gourd turiya patra vatana sabji,turiya patra vatana sabji
turiya patra vatana sabji,turiya patra vatana sabji
teekha turiya patra vatana sabji,turiya patra vatana sabji
spicy turiya patra vatana sabji,turiya patra vatana sabji
turiya patra vatana sabji main course,turiya patra vatana sabji
whole wheat flour churma ladoo,churma ladoo
churma ladoo,churma ladoo
meetha churma ladoo,churma ladoo
churma ladoo dessert,churma ladoo
rajasthan churma ladoo,churma ladoo
sweet churma ladoo,churma ladoo
sweet cheera doi,cheera doi
cheera doi dessert,cheera doi
west bengal cheera doi,cheera doi
cheera doi,cheera doi
meetha cheera doi,cheera doi
rice cheera doi,cheera doi
gheela pitha dessert,gheela pitha
assam gheela pitha,gheela pitha
sticky rice gheela pitha,gheela pitha
gheela pitha,gheela pitha
meetha gheela pitha,gheela pitha
sweet gheela pitha,gheela pitha
assam khar,khar
khar,khar
khar main course,khar
raw papaya khar,khar
teekha kumol sawul,kumol sawul
rice kumol sawul,kumol sawul
kumol sawul,kumol sawul
assam kumol sawul,kumol sawul
kumol sawul main course,kumol sawul
spicy kumol sawul,kumol sawul
west bengal luchi,luchi
luchi,luchi
luchi main course,luchi
maida luchi,luchi
teekha alu pitika,alu pitika
alu pitika,alu pitika
assam alu pitika,alu pitika
alu pitika main course,alu pitika
spicy alu pitika,alu pitika
potatoes alu pitika,alu pitika
teekha masor tenga,masor tenga
masor tenga,masor tenga
assam masor tenga,masor tenga
ridge gourd masor tenga,masor tenga
spicy masor tenga,masor tenga
masor tenga main course,masor tenga
bengena pitika main course,bengena pitika
bengena pitika,bengena pitika
brinjal bengena pitika,bengena pitika
assam bengena pitika,bengena pitika
assam bilahi maas,bilahi maas
bilahi maas main course,bilahi maas
bilahi maas,bilahi maas
potatoes bilahi maas,bilahi maas
forbidden black rice black rice,black rice
black rice,black rice
black rice main course,black rice
manipur black rice,black rice
assam bora sawul,bora sawul
spicy bora sawul,bora sawul
bora sawul main course,bora sawul
teekha bora sawul,bora sawul
biryani masala bora sawul,bora sawul
bora sawul,bora sawul
brown rice,brown rice
brown rice main course,brown rice
brown rice brown rice,brown rice
spicy chingri malai curry,chingri malai curry
coconut milk chingri malai curry,chingri malai curry
teekha chingri malai curry,chingri malai curry
chingri malai curry main course,chingri malai curry
west bengal chingri malai curry,chingri malai curry
chingri malai curry,chingri malai curry
sweet goja,goja
meetha goja,goja
west bengal goja,goja
baking soda goja,goja
goja dessert,goja
goja,goja
assam hando guri,hando guri
meetha hando guri,hando guri
hando guri dessert,hando guri
sweet hando guri,hando guri
hando guri,hando guri
jaggery hando guri,hando guri
haq maas main course,haq maas
assam haq maas,haq maas
spicy haq maas,haq maas
haq maas,haq maas
lamb haq maas,haq maas
teekha haq maas,haq maas
chingri bhape,chingri bhape
coconut chingri bhape,chingri bhape
west bengal chingri bhape,chingri bhape
chingri bhape main course,chingri bhape
west bengal kabiraji,kabiraji
spicy kabiraji,kabiraji
teekha kabiraji,kabiraji
kabiraji,kabiraji
fish fillet kabiraji,kabiraji
kabiraji main course,kabiraji
teekha khorisa,khorisa
khorisa,khorisa
khorisa main course,khorisa
fermented bamboo shoot khorisa,khorisa
spicy khorisa,khorisa
assam khorisa,khorisa
assam koldil chicken,koldil chicken
koldil chicken,koldil chicken
koldil chicken main course,koldil chicken
banana flower koldil chicken,koldil chicken
teekha koldil chicken,koldil chicken
spicy koldil chicken,koldil chicken
konir dom main course,konir dom
spicy konir dom,konir dom
konir dom,konir dom
assam konir dom,konir dom
teekha konir dom,konir dom
aloo konir dom,konir dom
assam koldil duck,koldil duck
koldil duck,koldil duck
rice flour koldil duck,koldil duck
spicy koldil duck,koldil duck
koldil duck main course,koldil duck
teekha koldil duck,koldil duck
masor koni,masor koni
teekha masor koni,masor koni
spicy masor koni,masor koni
masor koni main course,masor koni
assam masor koni,masor koni
fish roe masor koni,masor koni
mishti chholar dal,mishti chholar dal
meetha mishti chholar dal,mishti chholar dal
mishti chholar dal main course,mishti chholar dal
chana dal mishti chholar dal,mishti chholar dal
west bengal mishti chholar dal,mishti chholar dal
sweet mishti chholar dal,mishti chholar dal
pakhala,pakhala
odisha pakhala,pakhala
curd pakhala,pakhala
pakhala main course,pakhala
assam pani pitha,pani pitha
tea leaves pani pitha,pani pitha
pani pitha main course,pani pitha
pani pitha,pani pitha
meetha payokh,payokh
assam payokh,payokh
payokh dessert,payokh
payokh,payokh
basmati rice payokh,payokh
sweet payokh,payokh
teekha prawn malai curry,prawn malai curry
coconut milk prawn malai curry,prawn malai curry
spicy prawn malai curry,prawn malai curry
prawn malai curry main course,prawn malai curry
west bengal prawn malai curry,prawn malai curry
prawn malai curry,prawn malai curry
red rice main course,red rice
red pepper red rice,red rice
red rice,red rice
spicy shukto,shukto
teekha shukto,shukto
west bengal shukto,shukto
green beans shukto,shukto
shukto main course,shukto
shukto,shukto
til pitha,til pitha
meetha til pitha,til pitha
glutinous rice til pitha,til pitha
sweet til pitha,til pitha
til pitha dessert,til pitha
assam til pitha,til pitha
bebinca dessert,bebinca
sweet bebinca,bebinca
coconut milk bebinca,bebinca
meetha bebinca,bebinca
goa bebinca,bebinca
bebinca,bebinca
jammu kashmir shufta,shufta
shufta dessert,shufta
meetha shufta,shufta
shufta,shufta
sweet shufta,shufta
cottage cheese shufta,shufta
mawa bati dessert,mawa bati
meetha mawa bati,mawa bati
madhya pradesh mawa bati,mawa bati
mawa bati,mawa bati
sweet mawa bati,mawa bati
milk powder mawa bati,mawa bati
sweet pinaca,pinaca
goa pinaca,pinaca
brown rice pinaca,pinaca
meetha pinaca,pinaca
pinaca dessert,pinaca
pinaca,pinaca
